file_name,predicted_class
frame10002.png,3.5 mm x22 mm
frame10006.png,3.5 mm x22 mm
frame10014.png,3.5 mm x22 mm
frame10016.png,3.5 mm x22 mm
frame10022.png,3.5 mm x22 mm
frame10052.png,3.5 mm x22 mm
frame10068.png,3.5 mm x22 mm
frame10084.png,3.5 mm x22 mm
frame10086.png,3.5 mm x22 mm
frame10098.png,3.5 mm x22 mm
frame10106.png,3.5 mm x22 mm
frame10112.png,3.5 mm x22 mm
frame10114.png,3.5 mm x22 mm
frame10128.png,3.5 mm x22 mm
frame10130.png,3.5 mm x22 mm
frame10146.png,3.5 mm x22 mm
frame10152.png,3.5 mm x22 mm
frame10156.png,3.5 mm x22 mm
frame10176.png,3.5 mm x22 mm
frame10178.png,3.5 mm x22 mm
frame10184.png,3.5 mm x22 mm
frame10190.png,3.5 mm x22 mm
frame10194.png,3.5 mm x22 mm
frame10226.png,3.5 mm x22 mm
frame1024.png,2.0 mm x26 mm
frame10240.png,3.5 mm x22 mm
frame10250.png,3.5 mm x22 mm
frame1026.png,2.0 mm x26 mm
frame10282.png,3.5 mm x22 mm
frame10286.png,3.5 mm x22 mm
frame10290.png,3.5 mm x22 mm
frame10294.png,3.5 mm x22 mm
frame10302.png,3.5 mm x22 mm
frame10304.png,3.5 mm x22 mm
frame10332.png,3.5 mm x22 mm
frame10336.png,3.5 mm x22 mm
frame1034.png,2.0 mm x26 mm
frame10396.png,3.5 mm x22 mm
frame1040.png,2.0 mm x26 mm
frame10402.png,3.5 mm x22 mm
frame10410.png,3.5 mm x22 mm
frame10430.png,3.5 mm x22 mm
frame10444.png,3.5 mm x22 mm
frame10452.png,3.5 mm x22 mm
frame10456.png,3.5 mm x22 mm
frame10460.png,3.5 mm x22 mm
frame10490.png,3.5 mm x22 mm
frame10504.png,3.5 mm x22 mm
frame10528.png,3.5 mm x22 mm
frame10538.png,3.5 mm x22 mm
frame10544.png,3.5 mm x22 mm
frame10548.png,3.5 mm x22 mm
frame10552.png,3.5 mm x22 mm
frame10578.png,3.5 mm x22 mm
frame10588.png,3.5 mm x22 mm
frame106.png,2.0 mm x26 mm
frame10608.png,3.5 mm x22 mm
frame10614.png,3.5 mm x22 mm
frame1062.png,2.0 mm x26 mm
frame10634.png,3.5 mm x22 mm
frame1064.png,2.0 mm x26 mm
frame10640.png,3.5 mm x22 mm
frame10686.png,3.5 mm x22 mm
frame10690.png,3.5 mm x22 mm
frame1070.png,2.0 mm x26 mm
frame10706.png,3.5 mm x22 mm
frame10722.png,3.5 mm x22 mm
frame10728.png,3.5 mm x22 mm
frame10732.png,3.5 mm x22 mm
frame10742.png,3.5 mm x22 mm
frame10750.png,3.5 mm x22 mm
frame10758.png,3.5 mm x22 mm
frame10762.png,3.5 mm x22 mm
frame10776.png,3.5 mm x22 mm
frame10802.png,3.5 mm x22 mm
frame10804.png,3.5 mm x22 mm
frame10812.png,3.5 mm x22 mm
frame10826.png,3.5 mm x22 mm
frame10836.png,3.5 mm x22 mm
frame10842.png,3.5 mm x22 mm
frame10848.png,3.5 mm x22 mm
frame10854.png,3.5 mm x22 mm
frame1086.png,2.0 mm x26 mm
frame10864.png,3.5 mm x22 mm
frame10868.png,3.5 mm x22 mm
frame10888.png,3.5 mm x22 mm
frame10892.png,3.5 mm x22 mm
frame1090.png,2.0 mm x26 mm
frame10904.png,3.5 mm x22 mm
frame10906.png,3.5 mm x22 mm
frame10916.png,3.5 mm x22 mm
frame10922.png,3.5 mm x22 mm
frame10932.png,3.5 mm x22 mm
frame10946.png,3.5 mm x22 mm
frame10954.png,3.5 mm x22 mm
frame10966.png,3.5 mm x22 mm
frame10976.png,3.5 mm x22 mm
frame10988.png,3.5 mm x22 mm
frame10992.png,3.5 mm x22 mm
frame110.png,2.0 mm x26 mm
frame11006.png,3.5 mm x22 mm
frame11046.png,3.5 mm x22 mm
frame11050.png,3.5 mm x22 mm
frame1106.png,2.0 mm x26 mm
frame11064.png,3.5 mm x22 mm
frame11068.png,3.5 mm x22 mm
frame11072.png,3.5 mm x22 mm
frame11094.png,3.5 mm x22 mm
frame11096.png,3.5 mm x22 mm
frame11102.png,3.5 mm x22 mm
frame11104.png,3.5 mm x22 mm
frame1112.png,2.0 mm x26 mm
frame11126.png,3.5 mm x22 mm
frame11128.png,3.5 mm x22 mm
frame11130.png,3.5 mm x22 mm
frame11134.png,3.5 mm x22 mm
frame11142.png,3.5 mm x22 mm
frame11146.png,3.5 mm x22 mm
frame11150.png,3.5 mm x22 mm
frame11158.png,3.5 mm x22 mm
frame11174.png,3.5 mm x22 mm
frame11178.png,3.5 mm x22 mm
frame1118.png,2.0 mm x26 mm
frame11184.png,3.5 mm x22 mm
frame11190.png,3.5 mm x22 mm
frame1120.png,2.0 mm x26 mm
frame11206.png,3.5 mm x22 mm
frame11210.png,3.5 mm x22 mm
frame11220.png,3.5 mm x22 mm
frame11228.png,3.5 mm x22 mm
frame11236.png,3.5 mm x22 mm
frame11244.png,3.5 mm x22 mm
frame11260.png,3.5 mm x22 mm
frame11266.png,3.5 mm x22 mm
frame11272.png,3.5 mm x22 mm
frame11278.png,3.5 mm x22 mm
frame1128.png,2.0 mm x26 mm
frame11292.png,3.5 mm x22 mm
frame1130.png,2.0 mm x26 mm
frame11312.png,3.5 mm x22 mm
frame11318.png,3.5 mm x22 mm
frame11320.png,3.5 mm x22 mm
frame11336.png,3.5 mm x22 mm
frame11344.png,3.5 mm x22 mm
frame11346.png,3.5 mm x22 mm
frame11354.png,3.5 mm x22 mm
frame11364.png,3.5 mm x22 mm
frame11366.png,3.5 mm x22 mm
frame11376.png,3.5 mm x22 mm
frame1138.png,2.0 mm x26 mm
frame11382.png,3.5 mm x22 mm
frame11392.png,3.5 mm x22 mm
frame11410.png,3.5 mm x22 mm
frame11412.png,3.5 mm x22 mm
frame11426.png,3.5 mm x22 mm
frame11432.png,3.5 mm x22 mm
frame11442.png,3.5 mm x22 mm
frame11444.png,3.5 mm x22 mm
frame11450.png,3.5 mm x22 mm
frame11460.png,3.5 mm x22 mm
frame11472.png,3.5 mm x22 mm
frame1148.png,2.0 mm x26 mm
frame11482.png,3.5 mm x22 mm
frame11494.png,3.5 mm x22 mm
frame1150.png,2.0 mm x26 mm
frame11506.png,3.5 mm x22 mm
frame11510.png,3.5 mm x22 mm
frame11522.png,3.5 mm x22 mm
frame11536.png,3.5 mm x22 mm
frame11546.png,3.5 mm x22 mm
frame11550.png,3.5 mm x22 mm
frame1156.png,2.0 mm x26 mm
frame11572.png,3.5 mm x28 mm
frame116.png,2.0 mm x26 mm
frame11606.png,3.5 mm x28 mm
frame11618.png,3.5 mm x28 mm
frame11626.png,3.5 mm x28 mm
frame11634.png,3.5 mm x28 mm
frame11648.png,3.5 mm x28 mm
frame11652.png,3.5 mm x28 mm
frame11672.png,3.5 mm x28 mm
frame1168.png,2.0 mm x26 mm
frame11688.png,3.5 mm x28 mm
frame11710.png,3.5 mm x28 mm
frame11736.png,3.5 mm x28 mm
frame1174.png,2.0 mm x26 mm
frame11740.png,3.5 mm x28 mm
frame11744.png,3.5 mm x28 mm
frame11748.png,3.5 mm x28 mm
frame11774.png,3.5 mm x28 mm
frame11776.png,3.5 mm x28 mm
frame11778.png,3.5 mm x28 mm
frame1178.png,2.0 mm x26 mm
frame11780.png,3.5 mm x28 mm
frame11784.png,3.5 mm x28 mm
frame11792.png,3.5 mm x28 mm
frame11796.png,3.5 mm x28 mm
frame11808.png,3.5 mm x28 mm
frame11830.png,3.5 mm x28 mm
frame1184.png,2.0 mm x26 mm
frame1186.png,2.0 mm x26 mm
frame11862.png,3.5 mm x28 mm
frame1188.png,2.0 mm x26 mm
frame11892.png,3.5 mm x28 mm
frame11894.png,3.5 mm x28 mm
frame11898.png,3.5 mm x28 mm
frame11924.png,3.5 mm x28 mm
frame11940.png,3.5 mm x28 mm
frame11950.png,3.5 mm x28 mm
frame11952.png,3.5 mm x28 mm
frame12018.png,3.5 mm x28 mm
frame1202.png,2.0 mm x26 mm
frame12020.png,3.5 mm x28 mm
frame12022.png,3.5 mm x28 mm
frame12024.png,3.5 mm x28 mm
frame12026.png,3.5 mm x28 mm
frame12032.png,3.5 mm x28 mm
frame12058.png,3.5 mm x28 mm
frame1206.png,2.0 mm x26 mm
frame12066.png,3.5 mm x28 mm
frame12068.png,3.5 mm x28 mm
frame12074.png,3.5 mm x28 mm
frame12086.png,3.5 mm x28 mm
frame1210.png,2.0 mm x26 mm
frame12100.png,3.5 mm x28 mm
frame12106.png,3.5 mm x28 mm
frame12114.png,3.5 mm x28 mm
frame12120.png,3.5 mm x28 mm
frame12122.png,3.5 mm x28 mm
frame12126.png,3.5 mm x28 mm
frame12128.png,3.5 mm x28 mm
frame12134.png,3.5 mm x28 mm
frame12138.png,3.5 mm x28 mm
frame1214.png,2.0 mm x26 mm
frame12146.png,3.5 mm x28 mm
frame12152.png,3.5 mm x28 mm
frame12158.png,3.5 mm x28 mm
frame12192.png,3.5 mm x28 mm
frame12198.png,3.5 mm x28 mm
frame12200.png,3.5 mm x28 mm
frame12202.png,3.5 mm x28 mm
frame12204.png,3.5 mm x28 mm
frame12206.png,3.5 mm x28 mm
frame12210.png,3.5 mm x28 mm
frame12214.png,3.5 mm x28 mm
frame12216.png,3.5 mm x28 mm
frame12226.png,3.5 mm x28 mm
frame12230.png,3.5 mm x28 mm
frame12232.png,3.5 mm x28 mm
frame12234.png,3.5 mm x28 mm
frame12238.png,3.5 mm x28 mm
frame12240.png,3.5 mm x28 mm
frame12252.png,3.5 mm x28 mm
frame12260.png,3.5 mm x28 mm
frame12262.png,3.5 mm x28 mm
frame12286.png,3.5 mm x28 mm
frame1230.png,2.0 mm x26 mm
frame12302.png,3.5 mm x28 mm
frame12304.png,3.5 mm x28 mm
frame12316.png,3.5 mm x28 mm
frame12322.png,3.5 mm x28 mm
frame12328.png,3.5 mm x28 mm
frame12338.png,3.5 mm x28 mm
frame12354.png,3.5 mm x28 mm
frame12358.png,3.5 mm x28 mm
frame12360.png,3.5 mm x28 mm
frame12380.png,3.5 mm x28 mm
frame12396.png,3.5 mm x28 mm
frame12406.png,3.5 mm x28 mm
frame12438.png,3.5 mm x28 mm
frame12448.png,3.5 mm x28 mm
frame12454.png,3.5 mm x28 mm
frame12458.png,3.5 mm x28 mm
frame12462.png,3.5 mm x28 mm
frame12474.png,3.5 mm x28 mm
frame12476.png,3.5 mm x28 mm
frame12482.png,3.5 mm x28 mm
frame12484.png,3.5 mm x28 mm
frame12488.png,3.5 mm x28 mm
frame12506.png,3.5 mm x28 mm
frame12528.png,3.5 mm x28 mm
frame12530.png,3.5 mm x28 mm
frame12538.png,3.5 mm x28 mm
frame12542.png,3.5 mm x28 mm
frame12548.png,3.5 mm x28 mm
frame12566.png,3.5 mm x28 mm
frame12570.png,3.5 mm x28 mm
frame12574.png,3.5 mm x28 mm
frame12586.png,3.5 mm x28 mm
frame12592.png,3.5 mm x28 mm
frame1260.png,2.0 mm x26 mm
frame12618.png,3.5 mm x28 mm
frame12628.png,3.5 mm x28 mm
frame12662.png,3.5 mm x28 mm
frame12690.png,3.5 mm x28 mm
frame12700.png,3.5 mm x28 mm
frame12712.png,3.5 mm x28 mm
frame12726.png,3.5 mm x28 mm
frame12730.png,3.5 mm x28 mm
frame12732.png,3.5 mm x28 mm
frame12736.png,3.5 mm x28 mm
frame12752.png,3.5 mm x28 mm
frame12760.png,3.5 mm x28 mm
frame12772.png,3.5 mm x28 mm
frame12774.png,3.5 mm x28 mm
frame12776.png,3.5 mm x28 mm
frame1278.png,2.0 mm x26 mm
frame12790.png,3.5 mm x28 mm
frame12812.png,3.5 mm x28 mm
frame12820.png,3.5 mm x28 mm
frame12830.png,3.5 mm x28 mm
frame12832.png,3.5 mm x28 mm
frame12834.png,3.5 mm x28 mm
frame12848.png,3.5 mm x28 mm
frame12850.png,3.5 mm x28 mm
frame12860.png,3.5 mm x28 mm
frame12862.png,3.5 mm x28 mm
frame12886.png,3.5 mm x28 mm
frame12902.png,3.5 mm x28 mm
frame12906.png,3.5 mm x28 mm
frame12912.png,3.5 mm x28 mm
frame12918.png,3.5 mm x28 mm
frame12930.png,3.5 mm x28 mm
frame1294.png,2.0 mm x26 mm
frame12950.png,3.5 mm x28 mm
frame12954.png,3.5 mm x28 mm
frame12964.png,3.5 mm x28 mm
frame12976.png,3.5 mm x28 mm
frame12992.png,3.5 mm x28 mm
frame13004.png,3.5 mm x28 mm
frame13026.png,3.5 mm x28 mm
frame13032.png,3.5 mm x28 mm
frame13038.png,3.5 mm x28 mm
frame1304.png,2.0 mm x26 mm
frame13052.png,3.5 mm x28 mm
frame13054.png,3.5 mm x28 mm
frame13086.png,3.5 mm x28 mm
frame1310.png,2.0 mm x26 mm
frame13100.png,3.5 mm x28 mm
frame13114.png,3.5 mm x28 mm
frame13128.png,3.5 mm x28 mm
frame13138.png,3.5 mm x28 mm
frame13144.png,3.5 mm x28 mm
frame13164.png,3.5 mm x28 mm
frame13166.png,3.5 mm x28 mm
frame13180.png,3.5 mm x28 mm
frame13184.png,3.5 mm x28 mm
frame13188.png,3.5 mm x28 mm
frame13210.png,3.5 mm x28 mm
frame13214.png,3.5 mm x28 mm
frame13220.png,3.5 mm x28 mm
frame13224.png,3.5 mm x28 mm
frame13232.png,3.5 mm x28 mm
frame13236.png,3.5 mm x28 mm
frame13248.png,3.5 mm x28 mm
frame13252.png,3.5 mm x28 mm
frame13266.png,3.5 mm x28 mm
frame13272.png,3.5 mm x28 mm
frame13296.png,3.5 mm x28 mm
frame13308.png,2.0 mm x28 mm
frame13318.png,3.5 mm x28 mm
frame1332.png,2.0 mm x26 mm
frame13322.png,3.5 mm x28 mm
frame13348.png,3.5 mm x28 mm
frame13358.png,3.5 mm x28 mm
frame13360.png,3.5 mm x28 mm
frame13372.png,3.5 mm x28 mm
frame13380.png,3.5 mm x28 mm
frame134.png,2.0 mm x26 mm
frame13404.png,3.5 mm x28 mm
frame13408.png,3.5 mm x28 mm
frame13410.png,3.5 mm x28 mm
frame13418.png,3.5 mm x28 mm
frame13432.png,3.5 mm x28 mm
frame13434.png,3.5 mm x28 mm
frame13436.png,3.5 mm x28 mm
frame13438.png,3.5 mm x28 mm
frame13452.png,3.5 mm x28 mm
frame13456.png,3.5 mm x28 mm
frame13486.png,3.5 mm x28 mm
frame13490.png,3.5 mm x28 mm
frame13500.png,3.5 mm x28 mm
frame1352.png,2.0 mm x26 mm
frame13520.png,3.5 mm x28 mm
frame13564.png,3.5 mm x28 mm
frame13570.png,3.5 mm x28 mm
frame13574.png,3.5 mm x28 mm
frame13578.png,3.5 mm x28 mm
frame13580.png,3.5 mm x28 mm
frame13586.png,3.5 mm x28 mm
frame13588.png,3.5 mm x28 mm
frame13596.png,3.5 mm x28 mm
frame136.png,2.0 mm x26 mm
frame13600.png,3.5 mm x28 mm
frame13604.png,3.5 mm x28 mm
frame13614.png,3.5 mm x28 mm
frame13616.png,3.5 mm x28 mm
frame13622.png,3.5 mm x28 mm
frame13624.png,3.5 mm x28 mm
frame13626.png,3.5 mm x28 mm
frame13638.png,3.5 mm x28 mm
frame13646.png,3.5 mm x28 mm
frame13650.png,3.5 mm x28 mm
frame13658.png,3.5 mm x28 mm
frame13662.png,3.5 mm x28 mm
frame13670.png,3.5 mm x28 mm
frame13690.png,3.5 mm x28 mm
frame13706.png,3.5 mm x28 mm
frame13710.png,3.5 mm x28 mm
frame1372.png,2.0 mm x26 mm
frame13720.png,3.5 mm x28 mm
frame13730.png,3.5 mm x30 mm
frame13750.png,3.5 mm x30 mm
frame13756.png,3.5 mm x30 mm
frame13770.png,3.5 mm x30 mm
frame13776.png,3.5 mm x30 mm
frame13792.png,3.5 mm x30 mm
frame13800.png,3.5 mm x30 mm
frame13804.png,3.5 mm x30 mm
frame13820.png,3.5 mm x30 mm
frame13828.png,3.5 mm x30 mm
frame13838.png,3.5 mm x30 mm
frame1384.png,2.0 mm x26 mm
frame13840.png,3.5 mm x30 mm
frame13848.png,3.5 mm x30 mm
frame13850.png,3.5 mm x30 mm
frame13858.png,3.5 mm x30 mm
frame13868.png,3.5 mm x30 mm
frame13880.png,3.5 mm x30 mm
frame13886.png,3.5 mm x30 mm
frame13894.png,3.5 mm x30 mm
frame13904.png,3.5 mm x30 mm
frame13908.png,3.5 mm x30 mm
frame13930.png,3.5 mm x30 mm
frame13934.png,3.5 mm x30 mm
frame13956.png,3.5 mm x30 mm
frame14000.png,3.5 mm x30 mm
frame14010.png,3.5 mm x30 mm
frame14014.png,3.5 mm x30 mm
frame14022.png,3.5 mm x30 mm
frame14046.png,3.5 mm x30 mm
frame14052.png,3.5 mm x30 mm
frame14064.png,3.5 mm x30 mm
frame14068.png,3.5 mm x30 mm
frame14074.png,3.5 mm x30 mm
frame14078.png,3.5 mm x30 mm
frame1408.png,2.0 mm x26 mm
frame14080.png,3.5 mm x30 mm
frame14094.png,3.5 mm x30 mm
frame14096.png,3.5 mm x30 mm
frame14100.png,3.5 mm x30 mm
frame14102.png,3.5 mm x30 mm
frame14118.png,3.5 mm x30 mm
frame14126.png,3.5 mm x30 mm
frame1414.png,2.0 mm x26 mm
frame14156.png,3.5 mm x30 mm
frame14158.png,3.5 mm x30 mm
frame14160.png,3.5 mm x30 mm
frame14174.png,3.5 mm x30 mm
frame14190.png,3.5 mm x30 mm
frame14192.png,3.5 mm x30 mm
frame14214.png,3.5 mm x30 mm
frame14216.png,3.5 mm x30 mm
frame14244.png,3.5 mm x30 mm
frame14246.png,3.5 mm x30 mm
frame14266.png,3.5 mm x30 mm
frame14268.png,3.5 mm x30 mm
frame14272.png,3.5 mm x30 mm
frame14276.png,3.5 mm x30 mm
frame14284.png,3.5 mm x30 mm
frame14290.png,3.5 mm x30 mm
frame14294.png,3.5 mm x30 mm
frame14298.png,3.5 mm x30 mm
frame1430.png,2.0 mm x26 mm
frame14312.png,3.5 mm x30 mm
frame14318.png,3.5 mm x30 mm
frame14320.png,3.5 mm x30 mm
frame14332.png,3.5 mm x30 mm
frame14350.png,3.5 mm x30 mm
frame14364.png,3.5 mm x30 mm
frame14374.png,3.5 mm x30 mm
frame1438.png,2.0 mm x26 mm
frame14380.png,3.5 mm x30 mm
frame14382.png,3.5 mm x30 mm
frame14390.png,3.5 mm x30 mm
frame14404.png,3.5 mm x30 mm
frame14408.png,3.5 mm x30 mm
frame14418.png,3.5 mm x30 mm
frame1442.png,2.0 mm x26 mm
frame1444.png,2.0 mm x26 mm
frame14452.png,3.5 mm x30 mm
frame14456.png,3.5 mm x30 mm
frame14458.png,3.5 mm x30 mm
frame14472.png,3.5 mm x30 mm
frame1448.png,2.0 mm x26 mm
frame14482.png,3.5 mm x30 mm
frame14488.png,3.5 mm x30 mm
frame1450.png,2.0 mm x26 mm
frame14512.png,3.5 mm x30 mm
frame14518.png,3.5 mm x30 mm
frame14522.png,3.5 mm x30 mm
frame14540.png,3.5 mm x30 mm
frame14546.png,3.5 mm x30 mm
frame14552.png,3.5 mm x30 mm
frame14554.png,3.5 mm x30 mm
frame14562.png,3.5 mm x30 mm
frame14564.png,3.5 mm x30 mm
frame14586.png,3.5 mm x30 mm
frame14612.png,3.5 mm x30 mm
frame14614.png,3.5 mm x30 mm
frame14632.png,3.5 mm x30 mm
frame14634.png,3.5 mm x30 mm
frame14636.png,3.5 mm x30 mm
frame1464.png,2.0 mm x26 mm
frame14642.png,3.5 mm x30 mm
frame14668.png,3.5 mm x30 mm
frame14698.png,3.5 mm x30 mm
frame14700.png,3.5 mm x30 mm
frame14710.png,3.5 mm x30 mm
frame14724.png,3.5 mm x30 mm
frame14730.png,3.5 mm x30 mm
frame14742.png,3.5 mm x30 mm
frame14750.png,3.5 mm x30 mm
frame14756.png,3.5 mm x30 mm
frame14764.png,3.5 mm x30 mm
frame14774.png,3.5 mm x30 mm
frame14778.png,3.5 mm x30 mm
frame1478.png,2.0 mm x26 mm
frame14782.png,3.5 mm x30 mm
frame14794.png,3.5 mm x30 mm
frame14804.png,3.5 mm x30 mm
frame14806.png,3.5 mm x30 mm
frame14810.png,3.5 mm x30 mm
frame14820.png,3.5 mm x30 mm
frame14832.png,3.5 mm x30 mm
frame14854.png,3.5 mm x30 mm
frame14862.png,3.5 mm x30 mm
frame14864.png,3.5 mm x30 mm
frame1488.png,2.0 mm x26 mm
frame14892.png,3.5 mm x30 mm
frame14896.png,3.5 mm x30 mm
frame14918.png,3.5 mm x30 mm
frame1492.png,2.0 mm x26 mm
frame14936.png,3.5 mm x30 mm
frame14942.png,3.5 mm x30 mm
frame14946.png,3.5 mm x30 mm
frame14958.png,3.5 mm x30 mm
frame14964.png,3.5 mm x30 mm
frame14968.png,3.5 mm x30 mm
frame14970.png,3.5 mm x30 mm
frame14976.png,3.5 mm x30 mm
frame14984.png,3.5 mm x30 mm
frame14986.png,3.5 mm x30 mm
frame14998.png,3.5 mm x30 mm
frame1500.png,2.0 mm x26 mm
frame15000.png,3.5 mm x30 mm
frame15016.png,3.5 mm x30 mm
frame15030.png,3.5 mm x30 mm
frame15036.png,3.5 mm x30 mm
frame15054.png,3.5 mm x30 mm
frame15064.png,3.5 mm x30 mm
frame15068.png,3.5 mm x30 mm
frame15070.png,3.5 mm x30 mm
frame15074.png,3.5 mm x30 mm
frame15102.png,3.5 mm x30 mm
frame15110.png,3.5 mm x30 mm
frame1512.png,2.0 mm x26 mm
frame1514.png,2.0 mm x26 mm
frame15144.png,3.5 mm x30 mm
frame15150.png,3.5 mm x30 mm
frame15160.png,3.5 mm x30 mm
frame15178.png,3.5 mm x30 mm
frame15210.png,3.5 mm x30 mm
frame15216.png,3.5 mm x30 mm
frame15218.png,3.5 mm x30 mm
frame1522.png,2.0 mm x26 mm
frame15224.png,3.5 mm x30 mm
frame15236.png,3.5 mm x30 mm
frame15240.png,3.5 mm x30 mm
frame15246.png,3.5 mm x30 mm
frame1526.png,2.0 mm x26 mm
frame15272.png,3.5 mm x30 mm
frame15278.png,3.5 mm x30 mm
frame15286.png,3.5 mm x30 mm
frame15322.png,3.5 mm x30 mm
frame15332.png,3.5 mm x30 mm
frame1534.png,2.0 mm x26 mm
frame15366.png,3.5 mm x30 mm
frame15378.png,3.5 mm x30 mm
frame1538.png,2.0 mm x26 mm
frame15390.png,3.5 mm x30 mm
frame15394.png,3.5 mm x30 mm
frame154.png,2.0 mm x26 mm
frame15410.png,3.5 mm x30 mm
frame15418.png,3.5 mm x30 mm
frame15422.png,3.5 mm x30 mm
frame15430.png,3.5 mm x30 mm
frame15432.png,3.5 mm x30 mm
frame15438.png,3.5 mm x30 mm
frame15444.png,3.5 mm x30 mm
frame15456.png,3.5 mm x30 mm
frame15460.png,3.5 mm x30 mm
frame15462.png,3.5 mm x30 mm
frame15468.png,3.5 mm x30 mm
frame15470.png,3.5 mm x30 mm
frame15480.png,3.5 mm x30 mm
frame15486.png,3.5 mm x30 mm
frame15498.png,3.5 mm x30 mm
frame1550.png,2.0 mm x26 mm
frame15512.png,3.5 mm x30 mm
frame15516.png,3.5 mm x30 mm
frame1552.png,2.0 mm x26 mm
frame15532.png,3.5 mm x30 mm
frame15556.png,3.5 mm x30 mm
frame15558.png,3.5 mm x30 mm
frame15572.png,3.5 mm x30 mm
frame15574.png,3.5 mm x30 mm
frame15586.png,3.5 mm x30 mm
frame15596.png,3.5 mm x30 mm
frame15610.png,3.5 mm x30 mm
frame15614.png,3.5 mm x30 mm
frame15616.png,3.5 mm x30 mm
frame15630.png,3.5 mm x30 mm
frame15636.png,3.5 mm x30 mm
frame15644.png,3.5 mm x30 mm
frame15656.png,3.5 mm x30 mm
frame15662.png,3.5 mm x30 mm
frame15670.png,3.5 mm x30 mm
frame15676.png,3.5 mm x30 mm
frame15678.png,3.5 mm x30 mm
frame15684.png,3.5 mm x30 mm
frame15686.png,3.5 mm x30 mm
frame15692.png,3.5 mm x30 mm
frame15698.png,3.5 mm x30 mm
frame15726.png,3.5 mm x30 mm
frame15730.png,3.5 mm x30 mm
frame15764.png,3.5 mm x30 mm
frame15780.png,3.5 mm x30 mm
frame15794.png,3.5 mm x30 mm
frame158.png,2.0 mm x26 mm
frame15810.png,3.5 mm x30 mm
frame15822.png,3.5 mm x30 mm
frame15824.png,3.5 mm x30 mm
frame15854.png,3.5 mm x30 mm
frame15858.png,3.5 mm x30 mm
frame1586.png,2.0 mm x26 mm
frame15868.png,3.5 mm x30 mm
frame15874.png,3.5 mm x30 mm
frame15878.png,3.5 mm x30 mm
frame15880.png,3.5 mm x30 mm
frame15890.png,3.5 mm x30 mm
frame15894.png,3.5 mm x30 mm
frame15896.png,3.5 mm x30 mm
frame15916.png,4.2 mm x22 mm
frame1592.png,2.0 mm x26 mm
frame15920.png,4.2 mm x22 mm
frame15936.png,4.2 mm x22 mm
frame15938.png,4.2 mm x22 mm
frame15940.png,4.2 mm x22 mm
frame15950.png,4.2 mm x22 mm
frame15962.png,4.2 mm x22 mm
frame15976.png,4.2 mm x22 mm
frame15980.png,4.2 mm x22 mm
frame15986.png,4.2 mm x22 mm
frame15994.png,4.2 mm x22 mm
frame1602.png,2.0 mm x26 mm
frame16030.png,4.2 mm x22 mm
frame16048.png,4.2 mm x22 mm
frame16076.png,4.2 mm x22 mm
frame16090.png,4.2 mm x22 mm
frame16102.png,4.2 mm x22 mm
frame16108.png,4.2 mm x22 mm
frame16136.png,4.2 mm x22 mm
frame16158.png,4.2 mm x22 mm
frame16170.png,4.2 mm x22 mm
frame16188.png,4.2 mm x22 mm
frame16194.png,4.2 mm x22 mm
frame16196.png,4.2 mm x22 mm
frame1620.png,2.0 mm x26 mm
frame16218.png,4.2 mm x22 mm
frame1622.png,2.0 mm x26 mm
frame16224.png,4.2 mm x22 mm
frame16226.png,4.2 mm x22 mm
frame16234.png,4.2 mm x22 mm
frame16256.png,4.2 mm x22 mm
frame16270.png,4.2 mm x22 mm
frame1628.png,2.0 mm x26 mm
frame16290.png,4.2 mm x22 mm
frame16296.png,4.2 mm x22 mm
frame16300.png,4.2 mm x22 mm
frame16302.png,4.2 mm x22 mm
frame16310.png,4.2 mm x22 mm
frame1632.png,2.0 mm x26 mm
frame16322.png,4.2 mm x22 mm
frame16324.png,4.2 mm x22 mm
frame16338.png,4.2 mm x22 mm
frame16342.png,4.2 mm x22 mm
frame16348.png,4.2 mm x22 mm
frame16350.png,4.2 mm x22 mm
frame16360.png,4.2 mm x22 mm
frame16368.png,4.2 mm x22 mm
frame16372.png,4.2 mm x22 mm
frame16382.png,4.2 mm x22 mm
frame16384.png,4.2 mm x22 mm
frame16404.png,4.2 mm x22 mm
frame16406.png,4.2 mm x22 mm
frame16416.png,4.2 mm x22 mm
frame16428.png,4.2 mm x22 mm
frame16452.png,4.2 mm x22 mm
frame1646.png,2.0 mm x26 mm
frame16462.png,4.2 mm x22 mm
frame16466.png,4.2 mm x22 mm
frame16470.png,4.2 mm x22 mm
frame16478.png,4.2 mm x22 mm
frame16494.png,4.2 mm x22 mm
frame16506.png,4.2 mm x22 mm
frame16512.png,4.2 mm x22 mm
frame16516.png,4.2 mm x22 mm
frame16518.png,4.2 mm x22 mm
frame16526.png,4.2 mm x22 mm
frame16530.png,4.2 mm x22 mm
frame16540.png,4.2 mm x22 mm
frame16552.png,4.2 mm x22 mm
frame16556.png,4.2 mm x22 mm
frame16560.png,4.2 mm x22 mm
frame16576.png,4.2 mm x22 mm
frame16582.png,4.2 mm x22 mm
frame16590.png,4.2 mm x22 mm
frame16624.png,4.2 mm x22 mm
frame16626.png,4.2 mm x22 mm
frame16652.png,4.2 mm x22 mm
frame16672.png,4.2 mm x22 mm
frame16708.png,4.2 mm x22 mm
frame16714.png,4.2 mm x22 mm
frame1672.png,2.0 mm x26 mm
frame16724.png,4.2 mm x22 mm
frame16730.png,4.2 mm x22 mm
frame16736.png,4.2 mm x22 mm
frame1674.png,2.0 mm x26 mm
frame16756.png,4.2 mm x22 mm
frame16758.png,4.2 mm x22 mm
frame16764.png,4.2 mm x22 mm
frame16814.png,4.2 mm x22 mm
frame16826.png,4.2 mm x22 mm
frame16836.png,4.2 mm x22 mm
frame16848.png,4.2 mm x22 mm
frame16860.png,4.2 mm x22 mm
frame1688.png,2.0 mm x26 mm
frame16890.png,4.2 mm x22 mm
frame16892.png,4.2 mm x22 mm
frame16894.png,4.2 mm x22 mm
frame1690.png,2.0 mm x26 mm
frame16902.png,4.2 mm x22 mm
frame16904.png,4.2 mm x22 mm
frame1694.png,2.0 mm x26 mm
frame16946.png,4.2 mm x22 mm
frame1696.png,2.0 mm x26 mm
frame16968.png,4.2 mm x22 mm
frame16970.png,4.2 mm x22 mm
frame16974.png,4.2 mm x22 mm
frame16978.png,4.2 mm x22 mm
frame16984.png,4.2 mm x22 mm
frame16988.png,4.2 mm x22 mm
frame17002.png,4.2 mm x22 mm
frame17014.png,4.2 mm x22 mm
frame17024.png,4.2 mm x22 mm
frame17032.png,4.2 mm x22 mm
frame17036.png,4.2 mm x22 mm
frame17038.png,4.2 mm x22 mm
frame17040.png,4.2 mm x22 mm
frame17044.png,4.2 mm x22 mm
frame17046.png,4.2 mm x22 mm
frame17048.png,4.2 mm x22 mm
frame17052.png,4.2 mm x22 mm
frame17054.png,4.2 mm x22 mm
frame17078.png,4.2 mm x22 mm
frame1708.png,2.0 mm x26 mm
frame17090.png,4.2 mm x22 mm
frame17098.png,4.2 mm x22 mm
frame17100.png,4.2 mm x22 mm
frame17104.png,4.2 mm x22 mm
frame17108.png,4.2 mm x22 mm
frame17110.png,4.2 mm x22 mm
frame17120.png,4.2 mm x22 mm
frame17126.png,4.2 mm x22 mm
frame17136.png,4.2 mm x22 mm
frame17140.png,4.2 mm x22 mm
frame17158.png,4.2 mm x22 mm
frame17168.png,4.2 mm x22 mm
frame17176.png,4.2 mm x22 mm
frame17220.png,4.2 mm x22 mm
frame17236.png,4.2 mm x22 mm
frame1726.png,2.0 mm x26 mm
frame17260.png,4.2 mm x22 mm
frame17268.png,4.2 mm x22 mm
frame17274.png,4.2 mm x22 mm
frame17284.png,4.2 mm x22 mm
frame17296.png,4.2 mm x22 mm
frame17298.png,4.2 mm x22 mm
frame1730.png,2.0 mm x26 mm
frame17300.png,4.2 mm x22 mm
frame17306.png,4.2 mm x22 mm
frame17308.png,4.2 mm x22 mm
frame17316.png,4.2 mm x22 mm
frame17318.png,4.2 mm x22 mm
frame17324.png,4.2 mm x22 mm
frame17328.png,4.2 mm x22 mm
frame17336.png,4.2 mm x22 mm
frame17346.png,4.2 mm x22 mm
frame17348.png,4.2 mm x22 mm
frame17374.png,4.2 mm x22 mm
frame17376.png,4.2 mm x22 mm
frame1738.png,2.0 mm x26 mm
frame17384.png,4.2 mm x22 mm
frame17386.png,4.2 mm x22 mm
frame17388.png,4.2 mm x22 mm
frame17396.png,4.2 mm x22 mm
frame17398.png,4.2 mm x22 mm
frame17400.png,4.2 mm x22 mm
frame17402.png,4.2 mm x22 mm
frame17404.png,4.2 mm x22 mm
frame17418.png,4.2 mm x22 mm
frame17426.png,4.2 mm x22 mm
frame1744.png,2.0 mm x26 mm
frame17448.png,4.2 mm x22 mm
frame17454.png,4.2 mm x22 mm
frame17466.png,4.2 mm x22 mm
frame17476.png,4.2 mm x22 mm
frame17504.png,4.2 mm x22 mm
frame17506.png,4.2 mm x22 mm
frame17518.png,4.2 mm x22 mm
frame1752.png,2.0 mm x26 mm
frame17524.png,4.2 mm x22 mm
frame17528.png,4.2 mm x22 mm
frame17542.png,4.2 mm x22 mm
frame17558.png,4.2 mm x22 mm
frame17594.png,4.2 mm x22 mm
frame17598.png,4.2 mm x22 mm
frame176.png,2.0 mm x26 mm
frame17606.png,4.2 mm x22 mm
frame17610.png,4.2 mm x22 mm
frame17612.png,4.2 mm x22 mm
frame17614.png,4.2 mm x22 mm
frame17624.png,4.2 mm x22 mm
frame17628.png,4.2 mm x22 mm
frame17650.png,4.2 mm x22 mm
frame17662.png,4.2 mm x22 mm
frame17680.png,4.2 mm x22 mm
frame17694.png,4.2 mm x22 mm
frame17696.png,4.2 mm x22 mm
frame17698.png,4.2 mm x22 mm
frame17706.png,4.2 mm x22 mm
frame17714.png,4.2 mm x22 mm
frame17720.png,4.2 mm x22 mm
frame17726.png,4.2 mm x22 mm
frame17740.png,4.2 mm x22 mm
frame17754.png,4.2 mm x22 mm
frame17764.png,4.2 mm x22 mm
frame17772.png,4.2 mm x22 mm
frame17782.png,4.2 mm x22 mm
frame17784.png,4.2 mm x22 mm
frame17798.png,4.2 mm x22 mm
frame17800.png,4.2 mm x22 mm
frame1782.png,2.0 mm x26 mm
frame17830.png,4.2 mm x22 mm
frame17852.png,4.2 mm x22 mm
frame17870.png,4.2 mm x22 mm
frame1788.png,2.0 mm x26 mm
frame17882.png,4.2 mm x22 mm
frame17892.png,4.2 mm x22 mm
frame17900.png,4.2 mm x22 mm
frame17910.png,4.2 mm x22 mm
frame17914.png,4.2 mm x22 mm
frame17928.png,4.2 mm x22 mm
frame1794.png,2.0 mm x26 mm
frame17948.png,4.2 mm x22 mm
frame17950.png,4.2 mm x22 mm
frame17952.png,4.2 mm x22 mm
frame1796.png,2.0 mm x26 mm
frame17960.png,4.2 mm x22 mm
frame17978.png,4.2 mm x22 mm
frame17982.png,4.2 mm x22 mm
frame17984.png,4.2 mm x22 mm
frame17986.png,4.2 mm x22 mm
frame17994.png,4.2 mm x22 mm
frame18.png,2.0 mm x26 mm
frame18000.png,4.2 mm x22 mm
frame18008.png,4.2 mm x22 mm
frame18010.png,4.2 mm x22 mm
frame18020.png,4.2 mm x22 mm
frame18028.png,4.2 mm x22 mm
frame18036.png,4.2 mm x22 mm
frame18038.png,4.2 mm x22 mm
frame18046.png,4.2 mm x22 mm
frame18048.png,4.2 mm x22 mm
frame18052.png,4.2 mm x22 mm
frame18084.png,4.2 mm x30 mm
frame18088.png,4.2 mm x30 mm
frame18108.png,4.2 mm x30 mm
frame18110.png,4.2 mm x30 mm
frame18130.png,4.2 mm x30 mm
frame18134.png,4.2 mm x30 mm
frame18142.png,4.2 mm x30 mm
frame1816.png,2.0 mm x26 mm
frame18160.png,4.2 mm x30 mm
frame18164.png,4.2 mm x30 mm
frame18166.png,4.2 mm x30 mm
frame18170.png,4.2 mm x30 mm
frame18178.png,4.2 mm x30 mm
frame18192.png,4.2 mm x30 mm
frame18210.png,4.2 mm x30 mm
frame18220.png,4.2 mm x30 mm
frame18232.png,4.2 mm x30 mm
frame18240.png,4.2 mm x30 mm
frame18242.png,4.2 mm x30 mm
frame18254.png,4.2 mm x30 mm
frame18268.png,4.2 mm x30 mm
frame18286.png,4.2 mm x30 mm
frame18290.png,4.2 mm x30 mm
frame18312.png,4.2 mm x30 mm
frame18326.png,4.2 mm x30 mm
frame18332.png,4.2 mm x30 mm
frame18340.png,4.2 mm x30 mm
frame18344.png,4.2 mm x30 mm
frame18352.png,4.2 mm x30 mm
frame18358.png,4.2 mm x30 mm
frame1838.png,2.0 mm x26 mm
frame18386.png,4.2 mm x30 mm
frame18392.png,4.2 mm x30 mm
frame18398.png,4.2 mm x30 mm
frame1840.png,2.0 mm x26 mm
frame18400.png,4.2 mm x30 mm
frame18410.png,4.2 mm x30 mm
frame18414.png,4.2 mm x30 mm
frame18426.png,4.2 mm x30 mm
frame18428.png,4.2 mm x30 mm
frame18440.png,4.2 mm x30 mm
frame18444.png,4.2 mm x30 mm
frame18456.png,4.2 mm x30 mm
frame18458.png,4.2 mm x30 mm
frame18464.png,4.2 mm x30 mm
frame18468.png,4.2 mm x30 mm
frame18470.png,4.2 mm x30 mm
frame18476.png,4.2 mm x30 mm
frame18486.png,4.2 mm x30 mm
frame18488.png,4.2 mm x30 mm
frame18490.png,4.2 mm x30 mm
frame18492.png,4.2 mm x30 mm
frame18494.png,4.2 mm x30 mm
frame1850.png,2.0 mm x26 mm
frame18502.png,4.2 mm x30 mm
frame18508.png,4.2 mm x30 mm
frame18514.png,4.2 mm x30 mm
frame18526.png,4.2 mm x30 mm
frame18532.png,4.2 mm x30 mm
frame18538.png,4.2 mm x30 mm
frame18542.png,4.2 mm x30 mm
frame1858.png,2.0 mm x26 mm
frame18600.png,4.2 mm x30 mm
frame18616.png,4.2 mm x30 mm
frame1862.png,2.0 mm x26 mm
frame18628.png,4.2 mm x30 mm
frame18640.png,4.2 mm x30 mm
frame18660.png,4.2 mm x30 mm
frame18662.png,4.2 mm x30 mm
frame18672.png,4.2 mm x30 mm
frame18676.png,4.2 mm x30 mm
frame1868.png,2.0 mm x26 mm
frame18680.png,4.2 mm x30 mm
frame18690.png,4.2 mm x30 mm
frame18696.png,4.2 mm x30 mm
frame18700.png,4.2 mm x30 mm
frame18716.png,4.2 mm x30 mm
frame18732.png,4.2 mm x30 mm
frame18738.png,4.2 mm x30 mm
frame18760.png,4.2 mm x30 mm
frame18764.png,4.2 mm x30 mm
frame18772.png,4.2 mm x30 mm
frame18774.png,4.2 mm x30 mm
frame18794.png,4.2 mm x30 mm
frame18796.png,4.2 mm x30 mm
frame18798.png,4.2 mm x30 mm
frame1882.png,2.0 mm x26 mm
frame18828.png,4.2 mm x30 mm
frame1884.png,2.0 mm x26 mm
frame18852.png,4.2 mm x30 mm
frame18856.png,4.2 mm x30 mm
frame18860.png,4.2 mm x30 mm
frame18866.png,4.2 mm x30 mm
frame18874.png,4.2 mm x30 mm
frame18890.png,4.2 mm x30 mm
frame18896.png,4.2 mm x30 mm
frame18926.png,4.2 mm x30 mm
frame18928.png,4.2 mm x30 mm
frame1898.png,2.0 mm x26 mm
frame18980.png,4.2 mm x30 mm
frame18986.png,4.2 mm x30 mm
frame18996.png,4.2 mm x30 mm
frame18998.png,4.2 mm x30 mm
frame19006.png,4.2 mm x30 mm
frame19010.png,4.2 mm x30 mm
frame19020.png,4.2 mm x30 mm
frame19038.png,4.2 mm x30 mm
frame19046.png,4.2 mm x30 mm
frame19048.png,4.2 mm x30 mm
frame19050.png,4.2 mm x30 mm
frame19052.png,4.2 mm x30 mm
frame19054.png,4.2 mm x30 mm
frame19056.png,4.2 mm x30 mm
frame19066.png,4.2 mm x30 mm
frame19074.png,4.2 mm x30 mm
frame19086.png,4.2 mm x30 mm
frame1910.png,2.0 mm x26 mm
frame19120.png,4.2 mm x30 mm
frame19122.png,4.2 mm x30 mm
frame19126.png,4.2 mm x30 mm
frame19130.png,4.2 mm x30 mm
frame19138.png,4.2 mm x30 mm
frame19140.png,4.2 mm x30 mm
frame19160.png,4.2 mm x30 mm
frame19172.png,4.2 mm x30 mm
frame19176.png,4.2 mm x30 mm
frame19178.png,4.2 mm x30 mm
frame1918.png,2.0 mm x26 mm
frame192.png,2.0 mm x26 mm
frame1920.png,2.0 mm x26 mm
frame19200.png,4.2 mm x30 mm
frame19206.png,4.2 mm x30 mm
frame19212.png,4.2 mm x30 mm
frame19218.png,4.2 mm x30 mm
frame19220.png,4.2 mm x30 mm
frame19226.png,4.2 mm x30 mm
frame19240.png,4.2 mm x30 mm
frame19242.png,4.2 mm x30 mm
frame19258.png,4.2 mm x30 mm
frame1926.png,2.0 mm x26 mm
frame19272.png,4.2 mm x30 mm
frame19286.png,4.2 mm x30 mm
frame19290.png,4.2 mm x30 mm
frame19296.png,4.2 mm x30 mm
frame19302.png,4.2 mm x30 mm
frame19332.png,4.2 mm x30 mm
frame19334.png,4.2 mm x30 mm
frame19338.png,4.2 mm x30 mm
frame1934.png,2.0 mm x26 mm
frame19354.png,4.2 mm x30 mm
frame19356.png,4.2 mm x30 mm
frame19358.png,4.2 mm x30 mm
frame19362.png,4.2 mm x30 mm
frame19382.png,4.2 mm x30 mm
frame19390.png,4.2 mm x30 mm
frame19392.png,4.2 mm x30 mm
frame19398.png,4.2 mm x30 mm
frame19402.png,4.2 mm x30 mm
frame19404.png,4.2 mm x30 mm
frame19408.png,4.2 mm x30 mm
frame19420.png,4.2 mm x30 mm
frame19436.png,4.2 mm x30 mm
frame19448.png,4.2 mm x30 mm
frame19466.png,4.2 mm x30 mm
frame19472.png,4.2 mm x30 mm
frame1948.png,2.0 mm x26 mm
frame19506.png,4.2 mm x30 mm
frame19528.png,4.2 mm x30 mm
frame19536.png,4.2 mm x30 mm
frame19542.png,4.2 mm x30 mm
frame19558.png,4.2 mm x30 mm
frame19564.png,4.2 mm x30 mm
frame19570.png,4.2 mm x30 mm
frame19578.png,4.2 mm x30 mm
frame1958.png,2.0 mm x26 mm
frame19596.png,4.2 mm x30 mm
frame19606.png,4.2 mm x30 mm
frame19622.png,4.2 mm x30 mm
frame1964.png,2.0 mm x26 mm
frame19650.png,4.2 mm x30 mm
frame19656.png,4.2 mm x30 mm
frame1966.png,2.0 mm x26 mm
frame19664.png,4.2 mm x30 mm
frame19690.png,4.2 mm x30 mm
frame19708.png,4.2 mm x30 mm
frame19712.png,4.2 mm x30 mm
frame19718.png,4.2 mm x30 mm
frame19722.png,4.2 mm x30 mm
frame19730.png,4.2 mm x30 mm
frame19742.png,4.2 mm x30 mm
frame19744.png,4.2 mm x30 mm
frame19752.png,4.2 mm x30 mm
frame19762.png,4.2 mm x30 mm
frame19770.png,4.2 mm x30 mm
frame19772.png,4.2 mm x30 mm
frame19778.png,4.2 mm x30 mm
frame1978.png,2.0 mm x26 mm
frame19786.png,4.2 mm x30 mm
frame19812.png,4.2 mm x30 mm
frame19814.png,4.2 mm x30 mm
frame19826.png,4.2 mm x30 mm
frame19830.png,4.2 mm x30 mm
frame19836.png,4.2 mm x30 mm
frame1984.png,2.0 mm x26 mm
frame19842.png,4.2 mm x30 mm
frame1986.png,2.0 mm x26 mm
frame19862.png,4.2 mm x30 mm
frame19866.png,4.2 mm x30 mm
frame19896.png,4.2 mm x30 mm
frame19904.png,4.2 mm x30 mm
frame19922.png,4.2 mm x30 mm
frame19926.png,4.2 mm x30 mm
frame19942.png,4.2 mm x30 mm
frame19960.png,4.2 mm x30 mm
frame19970.png,4.2 mm x30 mm
frame19992.png,4.2 mm x30 mm
frame20016.png,4.2 mm x30 mm
frame20022.png,4.2 mm x30 mm
frame20040.png,4.2 mm x30 mm
frame20044.png,4.2 mm x30 mm
frame20046.png,4.2 mm x30 mm
frame20072.png,4.2 mm x30 mm
frame20082.png,4.2 mm x30 mm
frame20084.png,4.2 mm x30 mm
frame20086.png,4.2 mm x30 mm
frame20092.png,4.2 mm x30 mm
frame20094.png,4.2 mm x30 mm
frame2010.png,2.0 mm x26 mm
frame20104.png,4.2 mm x30 mm
frame20106.png,4.2 mm x30 mm
frame20114.png,4.2 mm x30 mm
frame2012.png,2.0 mm x26 mm
frame20130.png,4.2 mm x30 mm
frame20134.png,4.2 mm x30 mm
frame20144.png,4.2 mm x30 mm
frame20146.png,4.2 mm x30 mm
frame20164.png,4.2 mm x30 mm
frame20168.png,4.2 mm x30 mm
frame2018.png,2.0 mm x26 mm
frame20188.png,4.2 mm x30 mm
frame2020.png,2.0 mm x26 mm
frame20206.png,4.2 mm x30 mm
frame20216.png,4.2 mm x30 mm
frame2022.png,2.0 mm x26 mm
frame20224.png,4.2 mm x30 mm
frame20248.png,4.2 mm x30 mm
frame20260.png,4.2 mm x30 mm
frame2040.png,2.0 mm x26 mm
frame2042.png,2.0 mm x26 mm
frame2066.png,2.0 mm x26 mm
frame2068.png,2.0 mm x26 mm
frame2102.png,2.0 mm x26 mm
frame2106.png,2.0 mm x26 mm
frame2118.png,2.0 mm x26 mm
frame2122.png,2.0 mm x26 mm
frame2126.png,2.0 mm x26 mm
frame2136.png,2.0 mm x26 mm
frame216.png,2.0 mm x26 mm
frame2166.png,2.0 mm x26 mm
frame2178.png,2.0 mm x26 mm
frame2186.png,2.0 mm x26 mm
frame2188.png,2.0 mm x26 mm
frame2194.png,2.0 mm x26 mm
frame2212.png,2.0 mm x26 mm
frame2220.png,2.0 mm x26 mm
frame2240.png,2.0 mm x26 mm
frame2258.png,2.0 mm x26 mm
frame2262.png,2.0 mm x26 mm
frame2266.png,2.0 mm x26 mm
frame2274.png,2.0 mm x26 mm
frame228.png,2.0 mm x26 mm
frame2282.png,2.0 mm x26 mm
frame2284.png,2.0 mm x26 mm
frame230.png,2.0 mm x26 mm
frame2312.png,2.0 mm x26 mm
frame2314.png,2.0 mm x26 mm
frame2322.png,2.0 mm x26 mm
frame2336.png,2.0 mm x26 mm
frame234.png,2.0 mm x26 mm
frame2344.png,2.0 mm x26 mm
frame2356.png,2.0 mm x26 mm
frame236.png,2.0 mm x26 mm
frame2362.png,2.0 mm x26 mm
frame2378.png,2.0 mm x26 mm
frame2380.png,2.0 mm x26 mm
frame2382.png,2.0 mm x26 mm
frame2388.png,2.0 mm x26 mm
frame2394.png,2.0 mm x26 mm
frame24.png,2.0 mm x26 mm
frame2406.png,2.0 mm x26 mm
frame2408.png,2.0 mm x26 mm
frame2418.png,2.0 mm x26 mm
frame2452.png,2.0 mm x26 mm
frame2474.png,2.0 mm x26 mm
frame2492.png,2.0 mm x26 mm
frame2500.png,2.0 mm x26 mm
frame2510.png,2.0 mm x26 mm
frame2514.png,2.0 mm x26 mm
frame2518.png,2.0 mm x26 mm
frame2520.png,2.0 mm x26 mm
frame2556.png,2.0 mm x26 mm
frame2570.png,2.0 mm x26 mm
frame2584.png,2.0 mm x26 mm
frame2586.png,2.0 mm x26 mm
frame2596.png,2.0 mm x26 mm
frame2610.png,2.0 mm x26 mm
frame2618.png,2.0 mm x26 mm
frame2624.png,2.0 mm x26 mm
frame2628.png,2.0 mm x26 mm
frame2632.png,2.0 mm x26 mm
frame2634.png,2.0 mm x26 mm
frame2644.png,2.0 mm x26 mm
frame2646.png,2.0 mm x26 mm
frame2648.png,2.0 mm x26 mm
frame2658.png,2.0 mm x26 mm
frame2666.png,2.0 mm x26 mm
frame2672.png,2.0 mm x26 mm
frame2684.png,2.0 mm x26 mm
frame2692.png,2.0 mm x26 mm
frame2696.png,2.0 mm x26 mm
frame2706.png,2.0 mm x26 mm
frame274.png,2.0 mm x26 mm
frame2748.png,2.0 mm x26 mm
frame2754.png,2.0 mm x26 mm
frame276.png,2.0 mm x26 mm
frame2776.png,2.0 mm x26 mm
frame2778.png,2.0 mm x26 mm
frame2814.png,2.0 mm x26 mm
frame282.png,2.0 mm x26 mm
frame2846.png,2.0 mm x28 mm
frame2852.png,2.0 mm x28 mm
frame2874.png,2.0 mm x28 mm
frame2878.png,2.0 mm x28 mm
frame2886.png,2.0 mm x28 mm
frame290.png,2.0 mm x26 mm
frame2908.png,2.0 mm x28 mm
frame2920.png,2.0 mm x28 mm
frame2930.png,2.0 mm x28 mm
frame2934.png,2.0 mm x28 mm
frame2942.png,2.0 mm x28 mm
frame2946.png,2.0 mm x28 mm
frame2952.png,2.0 mm x28 mm
frame2954.png,2.0 mm x28 mm
frame2980.png,2.0 mm x28 mm
frame2982.png,2.0 mm x28 mm
frame3002.png,2.0 mm x28 mm
frame3010.png,2.0 mm x28 mm
frame3062.png,2.0 mm x28 mm
frame3082.png,2.0 mm x28 mm
frame3086.png,2.0 mm x28 mm
frame3118.png,2.0 mm x28 mm
frame3122.png,2.0 mm x28 mm
frame3124.png,2.0 mm x28 mm
frame3142.png,2.0 mm x28 mm
frame3148.png,2.0 mm x28 mm
frame3176.png,2.0 mm x28 mm
frame3182.png,2.0 mm x28 mm
frame3184.png,2.0 mm x28 mm
frame3198.png,2.0 mm x28 mm
frame3202.png,2.0 mm x28 mm
frame3226.png,2.0 mm x28 mm
frame3234.png,2.0 mm x28 mm
frame3250.png,2.0 mm x28 mm
frame3262.png,2.0 mm x28 mm
frame3270.png,2.0 mm x28 mm
frame3272.png,2.0 mm x28 mm
frame3276.png,2.0 mm x28 mm
frame3278.png,2.0 mm x28 mm
frame328.png,2.0 mm x26 mm
frame3290.png,2.0 mm x28 mm
frame3296.png,2.0 mm x28 mm
frame3310.png,2.0 mm x28 mm
frame3316.png,2.0 mm x28 mm
frame3328.png,2.0 mm x28 mm
frame3338.png,2.0 mm x28 mm
frame3340.png,2.0 mm x28 mm
frame3342.png,2.0 mm x28 mm
frame3350.png,2.0 mm x28 mm
frame336.png,2.0 mm x26 mm
frame3360.png,2.0 mm x28 mm
frame3362.png,2.0 mm x28 mm
frame3364.png,2.0 mm x28 mm
frame3372.png,2.0 mm x28 mm
frame338.png,2.0 mm x26 mm
frame3390.png,2.0 mm x28 mm
frame3394.png,2.0 mm x28 mm
frame3398.png,2.0 mm x28 mm
frame34.png,2.0 mm x26 mm
frame3406.png,2.0 mm x28 mm
frame3428.png,2.0 mm x28 mm
frame3470.png,2.0 mm x28 mm
frame3484.png,2.0 mm x28 mm
frame3500.png,2.0 mm x28 mm
frame3502.png,2.0 mm x28 mm
frame3504.png,2.0 mm x28 mm
frame3512.png,2.0 mm x28 mm
frame352.png,2.0 mm x26 mm
frame3526.png,2.0 mm x28 mm
frame354.png,2.0 mm x26 mm
frame3540.png,2.0 mm x28 mm
frame358.png,2.0 mm x26 mm
frame3602.png,2.0 mm x28 mm
frame3606.png,2.0 mm x28 mm
frame3618.png,2.0 mm x28 mm
frame3622.png,2.0 mm x28 mm
frame3626.png,2.0 mm x28 mm
frame3628.png,2.0 mm x28 mm
frame3632.png,2.0 mm x28 mm
frame364.png,2.0 mm x26 mm
frame3652.png,2.0 mm x28 mm
frame368.png,2.0 mm x26 mm
frame3682.png,2.0 mm x28 mm
frame3686.png,2.0 mm x28 mm
frame3688.png,2.0 mm x28 mm
frame3700.png,2.0 mm x28 mm
frame3706.png,2.0 mm x28 mm
frame3712.png,2.0 mm x28 mm
frame3716.png,2.0 mm x28 mm
frame3718.png,2.0 mm x28 mm
frame3728.png,2.0 mm x28 mm
frame3740.png,2.0 mm x28 mm
frame3742.png,2.0 mm x28 mm
frame3752.png,2.0 mm x28 mm
frame3764.png,2.0 mm x28 mm
frame3776.png,2.0 mm x28 mm
frame3790.png,2.0 mm x28 mm
frame3796.png,2.0 mm x28 mm
frame3802.png,2.0 mm x28 mm
frame3812.png,2.0 mm x28 mm
frame3828.png,2.0 mm x28 mm
frame3846.png,2.0 mm x28 mm
frame3852.png,2.0 mm x28 mm
frame3858.png,2.0 mm x28 mm
frame3864.png,2.0 mm x28 mm
frame3872.png,2.0 mm x28 mm
frame3874.png,2.0 mm x28 mm
frame3884.png,2.0 mm x28 mm
frame3894.png,2.0 mm x28 mm
frame3896.png,2.0 mm x28 mm
frame3910.png,2.0 mm x28 mm
frame392.png,2.0 mm x26 mm
frame3926.png,2.0 mm x28 mm
frame3932.png,2.0 mm x28 mm
frame3940.png,2.0 mm x28 mm
frame3948.png,2.0 mm x28 mm
frame396.png,2.0 mm x26 mm
frame3960.png,2.0 mm x28 mm
frame3966.png,2.0 mm x28 mm
frame3968.png,2.0 mm x28 mm
frame3972.png,2.0 mm x28 mm
frame3990.png,2.0 mm x28 mm
frame3996.png,2.0 mm x28 mm
frame4.png,2.0 mm x26 mm
frame4018.png,2.0 mm x28 mm
frame4028.png,2.0 mm x28 mm
frame4040.png,2.0 mm x28 mm
frame4050.png,2.0 mm x28 mm
frame4054.png,2.0 mm x28 mm
frame4056.png,2.0 mm x28 mm
frame4058.png,2.0 mm x28 mm
frame4066.png,2.0 mm x28 mm
frame4082.png,2.0 mm x28 mm
frame4092.png,2.0 mm x28 mm
frame410.png,2.0 mm x26 mm
frame4112.png,2.0 mm x28 mm
frame4132.png,2.0 mm x28 mm
frame4136.png,2.0 mm x28 mm
frame4142.png,2.0 mm x28 mm
frame4150.png,2.0 mm x28 mm
frame4164.png,2.0 mm x28 mm
frame4184.png,2.0 mm x28 mm
frame4196.png,2.0 mm x28 mm
frame420.png,2.0 mm x26 mm
frame4200.png,2.0 mm x28 mm
frame4206.png,2.0 mm x28 mm
frame4212.png,2.0 mm x28 mm
frame4216.png,2.0 mm x28 mm
frame4218.png,2.0 mm x28 mm
frame422.png,2.0 mm x26 mm
frame4246.png,2.0 mm x28 mm
frame4256.png,2.0 mm x28 mm
frame4276.png,2.0 mm x28 mm
frame4278.png,2.0 mm x28 mm
frame4280.png,2.0 mm x28 mm
frame4292.png,2.0 mm x28 mm
frame4296.png,2.0 mm x28 mm
frame4306.png,2.0 mm x28 mm
frame4310.png,2.0 mm x28 mm
frame4324.png,2.0 mm x28 mm
frame4332.png,2.0 mm x28 mm
frame4338.png,2.0 mm x28 mm
frame4340.png,2.0 mm x28 mm
frame4346.png,2.0 mm x28 mm
frame4352.png,2.0 mm x28 mm
frame436.png,2.0 mm x26 mm
frame4374.png,2.0 mm x28 mm
frame4382.png,2.0 mm x28 mm
frame4390.png,2.0 mm x28 mm
frame4394.png,2.0 mm x28 mm
frame4396.png,2.0 mm x28 mm
frame4408.png,2.0 mm x28 mm
frame4418.png,2.0 mm x28 mm
frame442.png,2.0 mm x26 mm
frame4446.png,2.0 mm x28 mm
frame4456.png,2.0 mm x28 mm
frame446.png,2.0 mm x26 mm
frame4460.png,2.0 mm x28 mm
frame4462.png,2.0 mm x28 mm
frame4468.png,2.0 mm x28 mm
frame4482.png,2.0 mm x28 mm
frame4518.png,2.0 mm x28 mm
frame452.png,2.0 mm x26 mm
frame4530.png,2.0 mm x28 mm
frame4546.png,2.0 mm x28 mm
frame4548.png,2.0 mm x28 mm
frame4550.png,2.0 mm x28 mm
frame4552.png,2.0 mm x28 mm
frame4560.png,2.0 mm x28 mm
frame4562.png,2.0 mm x28 mm
frame4568.png,2.0 mm x28 mm
frame4570.png,2.0 mm x28 mm
frame4582.png,2.0 mm x28 mm
frame4586.png,2.0 mm x28 mm
frame4598.png,2.0 mm x28 mm
frame4604.png,2.0 mm x28 mm
frame4618.png,2.0 mm x28 mm
frame4634.png,2.0 mm x28 mm
frame4636.png,2.0 mm x28 mm
frame4646.png,2.0 mm x28 mm
frame466.png,2.0 mm x26 mm
frame4660.png,2.0 mm x28 mm
frame4668.png,2.0 mm x28 mm
frame4682.png,2.0 mm x28 mm
frame4684.png,2.0 mm x28 mm
frame4694.png,2.0 mm x28 mm
frame4696.png,2.0 mm x28 mm
frame470.png,2.0 mm x26 mm
frame4716.png,2.0 mm x28 mm
frame4722.png,2.0 mm x28 mm
frame4724.png,2.0 mm x28 mm
frame4728.png,2.0 mm x28 mm
frame4730.png,2.0 mm x28 mm
frame4738.png,2.0 mm x28 mm
frame474.png,2.0 mm x26 mm
frame4748.png,2.0 mm x28 mm
frame4754.png,2.0 mm x28 mm
frame4764.png,2.0 mm x28 mm
frame4766.png,2.0 mm x28 mm
frame4772.png,2.0 mm x28 mm
frame478.png,2.0 mm x26 mm
frame4790.png,2.0 mm x28 mm
frame4792.png,2.0 mm x28 mm
frame4798.png,2.0 mm x28 mm
frame4800.png,2.0 mm x28 mm
frame4812.png,2.0 mm x28 mm
frame4830.png,2.0 mm x28 mm
frame4832.png,2.0 mm x28 mm
frame4840.png,2.0 mm x28 mm
frame486.png,2.0 mm x26 mm
frame4864.png,2.0 mm x28 mm
frame4870.png,2.0 mm x28 mm
frame4874.png,2.0 mm x28 mm
frame4880.png,2.0 mm x28 mm
frame4890.png,2.0 mm x28 mm
frame4904.png,2.0 mm x28 mm
frame4914.png,2.0 mm x28 mm
frame4920.png,2.0 mm x28 mm
frame4924.png,2.0 mm x28 mm
frame4926.png,2.0 mm x28 mm
frame4986.png,2.0 mm x28 mm
frame4992.png,2.0 mm x28 mm
frame5004.png,2.0 mm x28 mm
frame5012.png,2.0 mm x28 mm
frame5020.png,2.8 mm x22 mm
frame5056.png,2.8 mm x22 mm
frame5064.png,2.8 mm x22 mm
frame5068.png,2.8 mm x22 mm
frame5092.png,2.8 mm x22 mm
frame512.png,2.0 mm x26 mm
frame5128.png,2.8 mm x22 mm
frame5130.png,2.8 mm x22 mm
frame5132.png,2.8 mm x22 mm
frame5140.png,2.8 mm x22 mm
frame5142.png,2.8 mm x22 mm
frame5146.png,2.8 mm x22 mm
frame5174.png,2.8 mm x22 mm
frame5176.png,2.8 mm x22 mm
frame5196.png,2.8 mm x22 mm
frame522.png,2.0 mm x26 mm
frame5230.png,2.8 mm x22 mm
frame5232.png,2.8 mm x22 mm
frame5238.png,2.8 mm x22 mm
frame5240.png,2.8 mm x22 mm
frame5248.png,2.8 mm x22 mm
frame5280.png,2.8 mm x22 mm
frame5284.png,2.8 mm x22 mm
frame5292.png,2.8 mm x22 mm
frame5298.png,2.8 mm x22 mm
frame530.png,2.0 mm x26 mm
frame5300.png,2.8 mm x22 mm
frame5314.png,2.8 mm x22 mm
frame5316.png,2.8 mm x22 mm
frame5326.png,2.8 mm x22 mm
frame5330.png,2.8 mm x22 mm
frame5344.png,2.8 mm x22 mm
frame5350.png,2.8 mm x22 mm
frame536.png,2.0 mm x26 mm
frame5362.png,2.8 mm x22 mm
frame5364.png,2.8 mm x22 mm
frame5382.png,2.8 mm x22 mm
frame5392.png,2.8 mm x22 mm
frame5400.png,2.8 mm x22 mm
frame5416.png,2.8 mm x22 mm
frame5420.png,2.8 mm x22 mm
frame5422.png,2.8 mm x22 mm
frame5426.png,2.8 mm x22 mm
frame5434.png,2.8 mm x22 mm
frame5440.png,2.8 mm x22 mm
frame5448.png,2.8 mm x22 mm
frame5456.png,2.8 mm x22 mm
frame5464.png,2.8 mm x22 mm
frame5466.png,2.8 mm x22 mm
frame5482.png,2.8 mm x22 mm
frame5512.png,2.8 mm x22 mm
frame5546.png,2.8 mm x22 mm
frame5556.png,2.8 mm x22 mm
frame5568.png,2.8 mm x22 mm
frame5570.png,2.8 mm x22 mm
frame5592.png,2.8 mm x22 mm
frame5596.png,2.8 mm x22 mm
frame56.png,2.0 mm x26 mm
frame5610.png,2.8 mm x22 mm
frame5614.png,2.8 mm x22 mm
frame5620.png,2.8 mm x22 mm
frame5634.png,2.8 mm x22 mm
frame5636.png,2.8 mm x22 mm
frame5640.png,2.8 mm x22 mm
frame5678.png,2.8 mm x22 mm
frame568.png,2.0 mm x26 mm
frame5682.png,2.8 mm x22 mm
frame5684.png,2.8 mm x22 mm
frame5686.png,2.8 mm x22 mm
frame5700.png,2.8 mm x22 mm
frame5710.png,2.8 mm x22 mm
frame5716.png,2.8 mm x22 mm
frame572.png,2.0 mm x26 mm
frame5720.png,2.8 mm x22 mm
frame5724.png,2.8 mm x22 mm
frame5728.png,2.8 mm x22 mm
frame5730.png,2.8 mm x22 mm
frame5732.png,2.8 mm x22 mm
frame5742.png,2.8 mm x22 mm
frame5744.png,2.8 mm x22 mm
frame5750.png,2.8 mm x22 mm
frame5756.png,2.8 mm x22 mm
frame5758.png,2.8 mm x22 mm
frame5774.png,2.8 mm x22 mm
frame5776.png,2.8 mm x22 mm
frame5782.png,2.8 mm x22 mm
frame5788.png,2.8 mm x22 mm
frame5792.png,2.8 mm x22 mm
frame580.png,2.0 mm x26 mm
frame5810.png,2.8 mm x22 mm
frame582.png,2.0 mm x26 mm
frame5830.png,2.8 mm x22 mm
frame5846.png,2.8 mm x22 mm
frame5852.png,2.8 mm x22 mm
frame5854.png,2.8 mm x22 mm
frame5858.png,2.8 mm x22 mm
frame5860.png,2.8 mm x22 mm
frame5870.png,2.8 mm x22 mm
frame5874.png,2.8 mm x22 mm
frame5876.png,2.8 mm x22 mm
frame5882.png,2.8 mm x22 mm
frame5884.png,2.8 mm x22 mm
frame5892.png,2.8 mm x22 mm
frame5896.png,2.8 mm x22 mm
frame5898.png,2.8 mm x22 mm
frame5910.png,2.8 mm x22 mm
frame5912.png,2.8 mm x22 mm
frame5918.png,2.8 mm x22 mm
frame5942.png,2.8 mm x22 mm
frame5954.png,2.8 mm x22 mm
frame596.png,2.0 mm x26 mm
frame5966.png,2.8 mm x22 mm
frame5976.png,2.8 mm x22 mm
frame5978.png,2.8 mm x22 mm
frame5986.png,2.8 mm x22 mm
frame5990.png,2.8 mm x22 mm
frame6012.png,2.8 mm x22 mm
frame6054.png,2.8 mm x22 mm
frame606.png,2.0 mm x26 mm
frame6070.png,2.8 mm x22 mm
frame6074.png,2.8 mm x22 mm
frame608.png,2.0 mm x26 mm
frame6082.png,2.8 mm x22 mm
frame6086.png,2.8 mm x22 mm
frame6108.png,2.8 mm x22 mm
frame6148.png,2.8 mm x22 mm
frame6152.png,2.8 mm x22 mm
frame616.png,2.0 mm x26 mm
frame6168.png,2.8 mm x22 mm
frame6172.png,2.8 mm x22 mm
frame6174.png,2.8 mm x22 mm
frame6186.png,2.8 mm x22 mm
frame6190.png,2.8 mm x22 mm
frame62.png,2.0 mm x26 mm
frame6202.png,2.8 mm x22 mm
frame6208.png,2.8 mm x22 mm
frame6224.png,2.8 mm x22 mm
frame6244.png,2.8 mm x22 mm
frame6260.png,2.8 mm x22 mm
frame6266.png,2.8 mm x22 mm
frame6272.png,2.8 mm x22 mm
frame6282.png,2.8 mm x22 mm
frame6296.png,2.8 mm x22 mm
frame6304.png,2.8 mm x22 mm
frame6306.png,2.8 mm x22 mm
frame6312.png,2.8 mm x22 mm
frame6314.png,2.8 mm x22 mm
frame632.png,2.0 mm x26 mm
frame6320.png,2.8 mm x22 mm
frame6330.png,2.8 mm x22 mm
frame6336.png,2.8 mm x22 mm
frame6352.png,2.8 mm x22 mm
frame6358.png,2.8 mm x22 mm
frame6362.png,2.8 mm x22 mm
frame6372.png,2.8 mm x22 mm
frame6374.png,2.8 mm x22 mm
frame6398.png,2.8 mm x22 mm
frame6400.png,2.8 mm x22 mm
frame6402.png,2.8 mm x22 mm
frame6418.png,2.8 mm x22 mm
frame642.png,2.0 mm x26 mm
frame644.png,2.0 mm x26 mm
frame6442.png,2.8 mm x22 mm
frame6448.png,2.8 mm x22 mm
frame6472.png,2.8 mm x22 mm
frame6478.png,2.8 mm x22 mm
frame6484.png,2.8 mm x22 mm
frame6488.png,2.8 mm x22 mm
frame6498.png,2.8 mm x22 mm
frame6504.png,2.8 mm x22 mm
frame6506.png,2.8 mm x22 mm
frame6512.png,2.8 mm x22 mm
frame6522.png,2.8 mm x22 mm
frame6532.png,2.8 mm x22 mm
frame6536.png,2.8 mm x22 mm
frame6542.png,2.8 mm x22 mm
frame6548.png,2.8 mm x22 mm
frame6550.png,2.8 mm x22 mm
frame6552.png,2.8 mm x22 mm
frame6560.png,2.8 mm x22 mm
frame6564.png,2.8 mm x22 mm
frame6576.png,2.8 mm x22 mm
frame6580.png,2.8 mm x22 mm
frame6596.png,2.8 mm x22 mm
frame6602.png,2.8 mm x22 mm
frame6608.png,2.8 mm x22 mm
frame6612.png,2.8 mm x22 mm
frame6630.png,2.8 mm x22 mm
frame6634.png,2.8 mm x22 mm
frame6654.png,2.8 mm x22 mm
frame6660.png,2.8 mm x22 mm
frame6670.png,2.8 mm x22 mm
frame6674.png,2.8 mm x22 mm
frame6676.png,2.8 mm x22 mm
frame668.png,2.0 mm x26 mm
frame6680.png,2.8 mm x22 mm
frame6690.png,2.8 mm x22 mm
frame6712.png,2.8 mm x22 mm
frame6714.png,2.8 mm x22 mm
frame6736.png,2.8 mm x22 mm
frame6748.png,2.8 mm x22 mm
frame6752.png,2.8 mm x22 mm
frame676.png,2.0 mm x26 mm
frame6760.png,2.8 mm x22 mm
frame6766.png,2.8 mm x22 mm
frame678.png,2.0 mm x26 mm
frame6794.png,2.8 mm x22 mm
frame68.png,2.0 mm x26 mm
frame6804.png,2.8 mm x22 mm
frame6814.png,2.8 mm x22 mm
frame6818.png,2.8 mm x22 mm
frame6820.png,2.8 mm x22 mm
frame6844.png,2.8 mm x22 mm
frame6856.png,2.8 mm x22 mm
frame6858.png,2.8 mm x22 mm
frame6860.png,2.8 mm x22 mm
frame6864.png,2.8 mm x22 mm
frame6880.png,2.8 mm x22 mm
frame6892.png,2.8 mm x22 mm
frame690.png,2.0 mm x26 mm
frame6914.png,2.8 mm x22 mm
frame694.png,2.0 mm x26 mm
frame6940.png,2.8 mm x22 mm
frame6942.png,2.8 mm x22 mm
frame6946.png,2.8 mm x22 mm
frame696.png,2.0 mm x26 mm
frame6970.png,2.8 mm x22 mm
frame6982.png,2.8 mm x22 mm
frame700.png,2.0 mm x26 mm
frame7010.png,2.8 mm x22 mm
frame7042.png,2.8 mm x22 mm
frame7058.png,2.8 mm x22 mm
frame7078.png,2.8 mm x22 mm
frame7080.png,2.8 mm x22 mm
frame7094.png,2.8 mm x22 mm
frame710.png,2.0 mm x26 mm
frame712.png,2.0 mm x26 mm
frame7132.png,2.8 mm x22 mm
frame714.png,2.0 mm x26 mm
frame7146.png,2.8 mm x22 mm
frame7154.png,2.8 mm x22 mm
frame7158.png,2.8 mm x22 mm
frame7164.png,2.8 mm x22 mm
frame7174.png,2.8 mm x22 mm
frame7184.png,2.8 mm x22 mm
frame7188.png,2.8 mm x22 mm
frame7202.png,3.5 mm x19 mm
frame7214.png,3.5 mm x19 mm
frame7218.png,3.5 mm x19 mm
frame7240.png,3.5 mm x19 mm
frame7246.png,3.5 mm x19 mm
frame7264.png,3.5 mm x19 mm
frame7268.png,3.5 mm x19 mm
frame7322.png,3.5 mm x19 mm
frame7328.png,3.5 mm x19 mm
frame7346.png,3.5 mm x19 mm
frame736.png,2.0 mm x26 mm
frame7366.png,3.5 mm x19 mm
frame7382.png,3.5 mm x19 mm
frame7384.png,3.5 mm x19 mm
frame7386.png,3.5 mm x19 mm
frame7416.png,3.5 mm x19 mm
frame7444.png,3.5 mm x19 mm
frame7450.png,3.5 mm x19 mm
frame7454.png,3.5 mm x19 mm
frame7464.png,3.5 mm x19 mm
frame7478.png,3.5 mm x19 mm
frame748.png,2.0 mm x26 mm
frame7492.png,3.5 mm x19 mm
frame7494.png,3.5 mm x19 mm
frame7500.png,3.5 mm x19 mm
frame7506.png,3.5 mm x19 mm
frame7508.png,3.5 mm x19 mm
frame7512.png,3.5 mm x19 mm
frame7524.png,3.5 mm x19 mm
frame7526.png,3.5 mm x19 mm
frame7552.png,3.5 mm x19 mm
frame7554.png,3.5 mm x19 mm
frame7588.png,3.5 mm x19 mm
frame7602.png,3.5 mm x19 mm
frame7604.png,3.5 mm x19 mm
frame7616.png,3.5 mm x19 mm
frame7630.png,3.5 mm x19 mm
frame7634.png,3.5 mm x19 mm
frame7642.png,3.5 mm x19 mm
frame7644.png,3.5 mm x19 mm
frame7648.png,3.5 mm x19 mm
frame7656.png,3.5 mm x19 mm
frame7658.png,3.5 mm x19 mm
frame7660.png,3.5 mm x19 mm
frame7674.png,3.5 mm x19 mm
frame7684.png,3.5 mm x19 mm
frame7686.png,3.5 mm x19 mm
frame7688.png,3.5 mm x19 mm
frame7696.png,3.5 mm x19 mm
frame7700.png,3.5 mm x19 mm
frame7710.png,3.5 mm x19 mm
frame7714.png,3.5 mm x19 mm
frame7716.png,3.5 mm x19 mm
frame7724.png,3.5 mm x19 mm
frame7728.png,3.5 mm x19 mm
frame7732.png,3.5 mm x19 mm
frame7736.png,3.5 mm x19 mm
frame7746.png,3.5 mm x19 mm
frame7774.png,3.5 mm x19 mm
frame7778.png,3.5 mm x19 mm
frame7780.png,3.5 mm x19 mm
frame7790.png,3.5 mm x19 mm
frame7796.png,3.5 mm x19 mm
frame7798.png,3.5 mm x19 mm
frame7806.png,3.5 mm x19 mm
frame7810.png,3.5 mm x19 mm
frame7824.png,3.5 mm x19 mm
frame7848.png,3.5 mm x19 mm
frame7858.png,3.5 mm x19 mm
frame7862.png,3.5 mm x19 mm
frame7864.png,3.5 mm x19 mm
frame7870.png,3.5 mm x19 mm
frame7902.png,3.5 mm x19 mm
frame7904.png,3.5 mm x19 mm
frame792.png,2.0 mm x26 mm
frame7920.png,3.5 mm x19 mm
frame7928.png,3.5 mm x19 mm
frame7930.png,3.5 mm x19 mm
frame7948.png,3.5 mm x19 mm
frame7954.png,3.5 mm x19 mm
frame7960.png,3.5 mm x19 mm
frame7966.png,3.5 mm x19 mm
frame798.png,2.0 mm x26 mm
frame7992.png,3.5 mm x19 mm
frame7994.png,3.5 mm x19 mm
frame7996.png,3.5 mm x19 mm
frame8006.png,3.5 mm x19 mm
frame8008.png,3.5 mm x19 mm
frame8010.png,3.5 mm x19 mm
frame8012.png,3.5 mm x19 mm
frame8040.png,3.5 mm x19 mm
frame8044.png,3.5 mm x19 mm
frame8048.png,3.5 mm x19 mm
frame8058.png,3.5 mm x19 mm
frame806.png,2.0 mm x26 mm
frame8072.png,3.5 mm x19 mm
frame8096.png,3.5 mm x19 mm
frame8110.png,3.5 mm x19 mm
frame8114.png,3.5 mm x19 mm
frame8116.png,3.5 mm x19 mm
frame812.png,2.0 mm x26 mm
frame8124.png,3.5 mm x19 mm
frame8158.png,3.5 mm x19 mm
frame8168.png,3.5 mm x19 mm
frame8170.png,3.5 mm x19 mm
frame8174.png,3.5 mm x19 mm
frame8194.png,3.5 mm x19 mm
frame8208.png,3.5 mm x19 mm
frame8210.png,3.5 mm x19 mm
frame8218.png,3.5 mm x19 mm
frame8220.png,3.5 mm x19 mm
frame8226.png,3.5 mm x19 mm
frame8228.png,3.5 mm x19 mm
frame8232.png,3.5 mm x19 mm
frame8234.png,3.5 mm x19 mm
frame824.png,2.0 mm x26 mm
frame8244.png,3.5 mm x19 mm
frame8250.png,3.5 mm x19 mm
frame8254.png,3.5 mm x19 mm
frame8266.png,3.5 mm x19 mm
frame8274.png,3.5 mm x19 mm
frame8278.png,3.5 mm x19 mm
frame8286.png,3.5 mm x19 mm
frame8290.png,3.5 mm x19 mm
frame8314.png,3.5 mm x19 mm
frame8318.png,3.5 mm x19 mm
frame8320.png,3.5 mm x19 mm
frame8322.png,3.5 mm x19 mm
frame8326.png,3.5 mm x19 mm
frame8346.png,3.5 mm x19 mm
frame8354.png,3.5 mm x19 mm
frame8358.png,3.5 mm x19 mm
frame8364.png,3.5 mm x19 mm
frame8368.png,3.5 mm x19 mm
frame8390.png,3.5 mm x19 mm
frame8392.png,3.5 mm x19 mm
frame8394.png,3.5 mm x19 mm
frame8398.png,3.5 mm x19 mm
frame8404.png,3.5 mm x19 mm
frame8412.png,3.5 mm x19 mm
frame8416.png,3.5 mm x19 mm
frame8424.png,3.5 mm x19 mm
frame8428.png,3.5 mm x19 mm
frame8434.png,3.5 mm x19 mm
frame8436.png,3.5 mm x19 mm
frame8454.png,3.5 mm x19 mm
frame8466.png,3.5 mm x19 mm
frame8478.png,3.5 mm x19 mm
frame8510.png,3.5 mm x19 mm
frame8512.png,3.5 mm x19 mm
frame8520.png,3.5 mm x19 mm
frame8526.png,3.5 mm x19 mm
frame8534.png,3.5 mm x19 mm
frame8536.png,3.5 mm x19 mm
frame856.png,2.0 mm x26 mm
frame8568.png,3.5 mm x19 mm
frame8584.png,3.5 mm x19 mm
frame8586.png,3.5 mm x19 mm
frame8596.png,3.5 mm x19 mm
frame8602.png,3.5 mm x19 mm
frame8608.png,3.5 mm x19 mm
frame8618.png,3.5 mm x19 mm
frame8628.png,3.5 mm x19 mm
frame864.png,2.0 mm x26 mm
frame8640.png,3.5 mm x19 mm
frame8644.png,3.5 mm x19 mm
frame8648.png,3.5 mm x19 mm
frame8660.png,3.5 mm x19 mm
frame8666.png,3.5 mm x19 mm
frame8676.png,3.5 mm x19 mm
frame8678.png,3.5 mm x19 mm
frame868.png,2.0 mm x26 mm
frame8692.png,3.5 mm x19 mm
frame8716.png,3.5 mm x19 mm
frame8718.png,3.5 mm x19 mm
frame8746.png,3.5 mm x19 mm
frame8748.png,3.5 mm x19 mm
frame8766.png,3.5 mm x19 mm
frame8776.png,3.5 mm x19 mm
frame8780.png,3.5 mm x19 mm
frame8782.png,3.5 mm x19 mm
frame8798.png,3.5 mm x19 mm
frame8804.png,3.5 mm x19 mm
frame8820.png,3.5 mm x19 mm
frame8834.png,3.5 mm x19 mm
frame8836.png,3.5 mm x19 mm
frame884.png,2.0 mm x26 mm
frame8844.png,3.5 mm x19 mm
frame8846.png,3.5 mm x19 mm
frame8852.png,3.5 mm x19 mm
frame8870.png,3.5 mm x19 mm
frame8876.png,3.5 mm x19 mm
frame888.png,2.0 mm x26 mm
frame8880.png,3.5 mm x19 mm
frame8892.png,3.5 mm x19 mm
frame8912.png,3.5 mm x19 mm
frame8924.png,3.5 mm x19 mm
frame8926.png,3.5 mm x19 mm
frame8978.png,3.5 mm x19 mm
frame8982.png,3.5 mm x19 mm
frame9002.png,3.5 mm x19 mm
frame9022.png,3.5 mm x19 mm
frame9036.png,3.5 mm x19 mm
frame9050.png,3.5 mm x19 mm
frame906.png,2.0 mm x26 mm
frame9062.png,3.5 mm x19 mm
frame9066.png,3.5 mm x19 mm
frame9072.png,3.5 mm x19 mm
frame9090.png,3.5 mm x19 mm
frame9096.png,3.5 mm x19 mm
frame9118.png,3.5 mm x19 mm
frame9138.png,3.5 mm x19 mm
frame9168.png,3.5 mm x19 mm
frame9190.png,3.5 mm x19 mm
frame9198.png,3.5 mm x19 mm
frame9202.png,3.5 mm x19 mm
frame9206.png,3.5 mm x19 mm
frame9218.png,3.5 mm x19 mm
frame922.png,2.0 mm x26 mm
frame9232.png,3.5 mm x19 mm
frame9244.png,3.5 mm x19 mm
frame9252.png,3.5 mm x19 mm
frame9254.png,3.5 mm x19 mm
frame9258.png,3.5 mm x19 mm
frame926.png,2.0 mm x26 mm
frame9262.png,3.5 mm x19 mm
frame9268.png,3.5 mm x19 mm
frame9282.png,3.5 mm x19 mm
frame9306.png,3.5 mm x19 mm
frame9320.png,3.5 mm x19 mm
frame9336.png,3.5 mm x19 mm
frame934.png,2.0 mm x26 mm
frame9364.png,3.5 mm x19 mm
frame9382.png,3.5 mm x22 mm
frame94.png,2.0 mm x26 mm
frame9410.png,3.5 mm x22 mm
frame942.png,2.0 mm x26 mm
frame9422.png,3.5 mm x22 mm
frame9430.png,3.5 mm x22 mm
frame9440.png,3.5 mm x22 mm
frame9444.png,3.5 mm x22 mm
frame9448.png,3.5 mm x22 mm
frame9450.png,3.5 mm x22 mm
frame9474.png,3.5 mm x22 mm
frame9490.png,3.5 mm x22 mm
frame9492.png,3.5 mm x22 mm
frame9498.png,3.5 mm x22 mm
frame950.png,2.0 mm x26 mm
frame9522.png,3.5 mm x22 mm
frame9528.png,3.5 mm x22 mm
frame9540.png,3.5 mm x22 mm
frame9548.png,3.5 mm x22 mm
frame9560.png,3.5 mm x22 mm
frame9566.png,3.5 mm x22 mm
frame9578.png,3.5 mm x22 mm
frame958.png,2.0 mm x26 mm
frame9582.png,3.5 mm x22 mm
frame9600.png,3.5 mm x22 mm
frame9616.png,3.5 mm x22 mm
frame9618.png,3.5 mm x22 mm
frame9622.png,3.5 mm x22 mm
frame9624.png,3.5 mm x22 mm
frame9634.png,3.5 mm x22 mm
frame9648.png,3.5 mm x22 mm
frame9656.png,3.5 mm x22 mm
frame9658.png,3.5 mm x22 mm
frame9664.png,3.5 mm x22 mm
frame9666.png,3.5 mm x22 mm
frame9674.png,3.5 mm x22 mm
frame968.png,2.0 mm x26 mm
frame9700.png,3.5 mm x22 mm
frame9704.png,3.5 mm x22 mm
frame9706.png,3.5 mm x22 mm
frame9714.png,3.5 mm x22 mm
frame9718.png,3.5 mm x22 mm
frame9722.png,3.5 mm x22 mm
frame9726.png,3.5 mm x22 mm
frame9728.png,3.5 mm x22 mm
frame9736.png,3.5 mm x22 mm
frame9758.png,3.5 mm x22 mm
frame976.png,2.0 mm x26 mm
frame9762.png,3.5 mm x22 mm
frame9792.png,3.5 mm x22 mm
frame98.png,2.0 mm x26 mm
frame980.png,2.0 mm x26 mm
frame9808.png,3.5 mm x22 mm
frame9810.png,3.5 mm x22 mm
frame9844.png,3.5 mm x22 mm
frame9850.png,3.5 mm x22 mm
frame9852.png,3.5 mm x22 mm
frame9854.png,3.5 mm x22 mm
frame9856.png,3.5 mm x22 mm
frame9858.png,3.5 mm x22 mm
frame986.png,2.0 mm x26 mm
frame9878.png,3.5 mm x22 mm
frame988.png,2.0 mm x26 mm
frame9880.png,3.5 mm x22 mm
frame9898.png,3.5 mm x22 mm
frame9902.png,3.5 mm x22 mm
frame9914.png,3.5 mm x22 mm
frame9936.png,3.5 mm x22 mm
frame9942.png,3.5 mm x22 mm
frame9956.png,3.5 mm x22 mm
frame9962.png,3.5 mm x22 mm
frame9970.png,3.5 mm x22 mm
frame9976.png,3.5 mm x22 mm
frame9980.png,3.5 mm x22 mm
frame9992.png,3.5 mm x22 mm
frame9996.png,3.5 mm x22 mm
frame9998.png,3.5 mm x22 mm
